TIMESTAMP_MS,X_GYRO_LOW,X_GYRO_OUT,Y_GYRO_LOW,Y_GYRO_OUT,Z_GYRO_LOW,Z_GYRO_OUT,X_ACCL_LOW,X_ACCL_OUT,Y_ACCL_LOW,Y_ACCL_OUT,Z_ACCL_LOW,Z_ACCL_OUT,TEMP_OUT,TIME_STAMP,DATA_CNTR,X_DELTANG_LOW,X_DELTANG_OUT,Y_DELTANG_LOW,Y_DELTANG_OUT,Z_DELTANG_LOW,Z_DELTANG_OUT,X_DELTVEL_LOW,X_DELTVEL_OUT,Y_DELTVEL_LOW,Y_DELTVEL_OUT,Z_DELTVEL_LOW,Z_DELTVEL_OUT,XG_BIAS_LOW,XG_BIAS_HIGH,YG_BIAS_LOW,YG_BIAS_HIGH,ZG_BIAS_LOW,ZG_BIAS_HIGH,XA_BIAS_LOW,XA_BIAS_HIGH,YA_BIAS_LOW,YA_BIAS_HIGH,ZA_BIAS_LOW,ZA_BIAS_HIGH,FILT_CTRL,RANG_MDL,MSC_CTRL,UP_SCALE,DEC_RATE,FIRM_REV,FIRM_DM,FIRM_Y,PROD_ID
65,-404212,-7,1155939,17,-471018,-8,266745,4,2054038,31,263049946,4009,254,0,25923,-155,-1,523,0,-326,-1,57,0,897,0,105604,1,0,0,0,0,0,0,0,0,0,0,0,0,0,7,193,2000,0,263,771,8225,16505
194,-408479,-7,813008,12,-402138,-7,294788,4,2156499,32,262879773,4011,253,0,26181,-213,-1,386,0,-171,-1,83,0,896,0,105539,1,0,0,0,0,0,0,0,0,0,0,0,0,0,7,193,2000,0,263,771,8225,16505
197,-276264,-5,882823,13,-130826,-2,104353,1,2154041,32,262855950,4010,253,0,26187,-176,-1,559,0,-249,-1,80,0,823,0,105557,1,0,0,0,0,0,0,0,0,0,0,0,0,0,7,193,2000,0,263,771,8225,16505
299,54392,0,1360068,20,-268860,-5,177050,2,2129184,32,262657197,4007,253,0,26391,-82,-1,735,0,-173,-1,79,0,881,0,105445,1,0,0,0,0,0,0,0,0,0,0,0,0,0,7,193,2000,0,263,771,8225,16505
318,-276168,-5,879948,13,-470832,-8,103391,1,2126569,32,262347553,4003,253,0,26428,-176,-1,501,0,-152,-1,55,0,782,0,105488,1,0,0,0,0,0,0,0,0,0,0,0,0,0,7,193,2000,0,263,771,8225,16505
399,-481772,-8,1405910,21,-404644,-7,177738,2,1992997,30,262609836,4007,249,0,26591,-294,-1,760,0,-37,-1,2,0,827,0,105530,1,0,0,0,0,0,0,0,0,0,0,0,0,0,7,193,2000,0,263,771,8225,16505
478,-341577,-6,879345,13,-538605,-9,181046,2,1777155,27,263068356,4014,253,0,26747,-194,-1,621,0,-210,-1,78,0,733,0,105677,1,0,0,0,0,0,0,0,0,0,0,0,0,0,7,193,2000,0,263,771,8225,16505
543,-585011,-9,914185,13,-332172,-6,285988,4,1846670,28,262881068,4011,255,0,26877,-259,-1,501,0,-132,-1,110,0,745,0,105598,1,0,0,0,0,0,0,0,0,0,0,0,0,0,7,193,2000,0,263,771,8225,16505
593,-480979,-8,1208764,18,-607181,-10,252395,3,1635203,24,262841132,4010,253,0,26978,-328,-1,687,0,-346,-1,138,0,697,0,105596,1,0,0,0,0,0,0,0,0,0,0,0,0,0,7,193,2000,0,263,771,8225,16505
642,-138335,-3,1099500,16,4618,-2,201442,3,2030683,30,262811360,4010,253,0,27075,-98,-1,489,0,-171,-1,128,0,781,0,105587,1,0,0,0,0,0,0,0,0,0,0,0,0,0,7,193,2000,0,263,771,8225,16505
701,-727807,-12,1029917,15,-197099,-4,-27687,-1,2185780,28,262683189,4008,254,0,27193,-377,-1,568,0,139,0,87,0,761,0,105583,1,0,0,0,0,0,0,0,0,0,0,0,0,0,7,193,2000,0,263,771,8225,16505
764,-337948,-6,887141,13,-402301,-7,495875,7,1866192,28,263091547,4014,253,0,27318,-193,-1,543,0,-230,-1,175,0,764,0,105693,1,0,0,0,0,0,0,0,0,0,0,0,0,0,7,193,2000,0,263,771,8225,16505
827,-3698,-1,1172570,17,-131775,-3,426798,6,2202800,33,262518007,4005,254,0,27444,-114,-1,609,0,-55,-1,109,0,867,0,105420,1,0,0,0,0,0,0,0,0,0,0,0,0,0,7,193,2000,0,263,771,8225,16505
890,-272891,-5,1026532,15,141008,2,-55883,-1,1868185,28,262946397,4012,254,0,27569,-193,-1,545,0,22,0,-8,-1,716,0,105821,1,0,0,0,0,0,0,0,0,0,0,0,0,0,7,193,2000,0,263,771,8225,16505
966,-403932,-7,1088688,16,-470782,-8,54221,0,1824810,27,262764771,4009,252,0,27721,-305,-1,582,0,-36,-1,75,0,727,0,105538,1,0,0,0,0,0,0,0,0,0,0,0,0,0,7,193,2000,0,263,771,8225,16505
1028,-465578,-8,962743,14,-197775,-4,404442,6,2212705,33,262986808,4012,253,0,27846,-191,-1,489,0,-171,-1,192,0,846,0,105619,1,0,0,0,0,0,0,0,0,0,0,0,0,0,7,193,2000,0,263,771,8225,16505
1090,-271403,-5,616752,9,-537588,-9,79059,1,1385879,21,263111980,4014,253,0,27970,-174,-1,351,0,-229,-1,73,0,715,0,105673,1,0,0,0,0,0,0,0,0,0,0,0,0,0,7,193,2000,0,263,771,8225,16505
1152,-329855,-6,697862,10,-468990,-8,714376,10,1709231,26,263125879,4014,252,0,28093,-188,-1,435,0,-248,-1,256,0,690,0,105711,1,0,0,0,0,0,0,0,0,0,0,0,0,0,7,193,2000,0,263,771,8225,16505
1214,-535353,-9,1157571,17,-266558,-5,-93065,-2,2289308,34,262849833,4010,253,0,28217,-268,-1,583,0,22,0,55,0,1044,0,105591,1,0,0,0,0,0,0,0,0,0,0,0,0,0,7,193,2000,0,263,771,8225,16505
1278,-272640,-3,752663,11,-402513,-7,281927,4,1645854,25,263214343,4016,253,0,28344,-99,-1,409,0,-191,-1,142,0,727,0,105624,1,0,0,0,0,0,0,0,0,0,0,0,0,0,7,193,2000,0,263,771,8225,16505
1341,-400616,-7,1101528,16,277534,4,375432,5,2279321,34,262601708,4006,254,0,28469,-191,-1,608,0,196,0,162,0,875,0,105545,1,0,0,0,0,0,0,0,0,0,0,0,0,0,7,193,2000,0,263,771,8225,16505
1404,-341169,-6,679541,10,-265892,-5,100672,1,2018423,30,262747873,4009,253,0,28595,-176,-1,405,0,-152,-1,-15,-1,792,0,105590,1,0,0,0,0,0,0,0,0,0,0,0,0,0,7,193,2000,0,263,771,8225,16505
1465,-785778,-12,1043169,15,-196260,-3,241174,3,1712200,26,262996872,4013,253,0,28718,-280,-1,612,0,-190,-1,112,0,765,0,105656,1,0,0,0,0,0,0,0,0,0,0,0,0,0,7,193,2000,0,263,771,8225,16505
1527,-408212,-7,1020593,15,141390,2,237115,3,2178669,33,262458806,4004,253,0,28841,-232,-1,522,0,99,0,118,0,874,0,105632,1,0,0,0,0,0,0,0,0,0,0,0,0,0,7,193,2000,0,263,771,8225,16505
1590,-337253,-6,620020,9,-129353,-2,346251,5,1789258,27,262952761,4012,254,0,28967,-174,-1,372,0,-36,-1,125,0,700,0,105619,1,0,0,0,0,0,0,0,0,0,0,0,0,0,7,193,2000,0,263,771,8225,16505
1652,-338915,-6,1159357,17,-63239,-1,276615,4,2342329,35,262606558,4007,253,0,29091,-213,-1,618,0,-230,-1,164,0,913,0,105522,1,0,0,0,0,0,0,0,0,0,0,0,0,0,7,193,2000,0,263,771,8225,16505
1713,-472274,-8,680576,10,-129434,-2,349087,0,1741099,26,263028889,4013,252,0,29212,-213,-1,387,0,-36,-1,27,0,684,0,105649,1,0,0,0,0,0,0,0,0,0,0,0,0,0,7,193,2000,0,263,771,8225,16505
1775,-461780,-8,834764,12,-197000,-4,202431,3,2254620,34,262852291,4010,254,0,29337,-133,-1,494,0,-113,-1,94,0,905,0,105633,1,0,0,0,0,0,0,0,0,0,0,0,0,0,7,193,2000,0,263,771,8225,16505
1838,-346668,-6,1216381,18,275920,4,176573,2,1892123,28,262822105,4010,252,0,29462,-235,-1,710,0,-134,-1,156,0,724,0,105554,1,0,0,0,0,0,0,0,0,0,0,0,0,0,7,193,2000,0,263,771,8225,16505
1900,-538787,-9,886203,13,75001,1,116480,1,1932844,29,262914640,4011,253,0,29584,-456,-1,444,0,-54,-1,99,0,759,0,105634,1,0,0,0,0,0,0,0,0,0,0,0,0,0,7,193,2000,0,263,771,8225,16505
1963,-10183554,-156,2628218,40,-144132960,-2200,7757908,118,-32758811,-390,252732137,3856,252,0,29711,-6130,-1,1692,0,-81320,-2,-1410,-1,-11769,-1,101898,1,0,0,0,0,0,0,0,0,0,0,0,0,0,7,193,2000,0,263,771,8225,16505
2026,1647001,25,1379843,21,-16119232,-226,-54747005,-836,-3519704,-54,270364463,4125,254,0,29836,-70,-1,1100,0,-7713,-1,-23178,-1,-971,-1,108753,1,0,0,0,0,0,0,0,0,0,0,0,0,0,7,193,2000,0,263,771,8225,16505
2086,-676657,-11,798907,12,-469838,-8,668757,10,1960029,29,262910107,4011,252,0,29957,-329,-1,377,0,-307,-1,231,0,735,0,105567,1,0,0,0,0,0,0,0,0,0,0,0,0,0,7,193,2000,0,263,771,8225,16505
2147,-673773,-11,1013942,15,277767,4,668904,10,1751561,26,262948077,4007,252,0,30079,-402,-1,557,0,100,0,286,0,756,0,105574,1,0,0,0,0,0,0,0,0,0,0,0,0,0,7,193,2000,0,263,771,8225,16505
2211,1984029,30,-3481870,-54,-16715398,-256,20293281,309,-38193091,-583,272343659,4155,254,0,30205,1108,0,-695,-1,-9360,-1,3958,0,-23131,-1,106174,1,0,0,0,0,0,0,0,0,0,0,0,0,0,7,193,2000,0,263,771,8225,16505
2273,1034414,15,-1036982,-16,-12372271,-189,72188081,1101,28927620,441,257383032,3927,253,0,30329,1201,0,-430,-1,-8297,-1,28479,0,10267,0,104560,1,0,0,0,0,0,0,0,0,0,0,0,0,0,7,193,2000,0,263,771,8225,16505
2335,-1180004,-3,1986795,30,-5983384,-92,-39694703,-606,-10756907,-165,264162754,4030,253,0,30453,52,0,1151,0,-3057,-1,-13449,-1,-3627,-1,106585,1,0,0,0,0,0,0,0,0,0,0,0,0,0,7,193,2000,0,263,771,8225,16505
2400,-2119886,-33,-16695180,-255,-8426721,-129,-1663978,-26,2088418,43,263868545,4026,253,0,30582,-1225,-1,-9479,-1,-4794,-1,-1499,-1,1443,0,105665,1,0,0,0,0,0,0,0,0,0,0,0,0,0,7,193,2000,0,263,771,8225,16505
2461,63179679,964,69422918,1059,-13987954,-214,-12862370,-197,-6434050,-99,196878869,3004,253,0,30704,34391,0,41265,0,-9158,-1,-2854,-1,-2297,-1,78811,1,0,0,0,0,0,0,0,0,0,0,0,0,0,7,193,2000,0,263,771,8225,16505
2523,73621948,1123,20842121,318,17428222,265,89734841,1369,4421118,67,424305753,6474,254,0,30828,50761,0,14218,0,11597,0,40300,0,-3198,-1,137194,2,0,0,0,0,0,0,0,0,0,0,0,0,0,7,193,2000,0,263,771,8225,16505
2584,42449413,647,-17594406,-269,-25782641,-394,17358339,264,24503391,373,224568785,3426,255,0,30951,22842,0,-9553,-1,-14646,-1,7205,0,11185,0,91707,1,0,0,0,0,0,0,0,0,0,0,0,0,0,7,193,2000,0,263,771,8225,16505
2645,36054138,550,-101977812,-1557,11344144,173,8250682,125,10988243,167,274688860,4191,253,0,31072,20215,0,-61711,-1,6651,0,4668,0,4513,0,111858,1,0,0,0,0,0,0,0,0,0,0,0,0,0,7,193,2000,0,263,771,8225,16505
2709,56100338,881,-436074408,-6654,83553686,1274,87768592,1339,-5159894,-79,342215853,5221,253,0,31200,32983,0,-252237,-4,48012,0,35133,0,64523,0,138485,2,0,0,0,0,0,0,0,0,0,0,0,0,0,7,193,2000,0,263,771,8225,16505
2771,166812683,2545,-25039517,-383,-106908968,-1632,58523650,893,-16625981,-254,326936003,4988,251,0,31324,94819,1,-18122,-1,-57171,-1,17974,0,-19687,-1,135173,2,0,0,0,0,0,0,0,0,0,0,0,0,0,7,193,2000,0,263,771,8225,16505
2833,67804061,1034,-184231060,-2812,-9033534,-138,-3938180,-61,57746541,881,277383834,4232,253,0,31448,38966,0,-105293,-2,-3398,-1,-966,0,20318,0,114041,1,0,0,0,0,0,0,0,0,0,0,0,0,0,7,193,2000,0,263,771,8225,16505
2897,193663660,2955,-197516876,-3014,-224382132,-3424,116604379,1779,25909336,395,307106347,4686,251,0,31574,111163,1,-112506,-2,-129014,-2,45472,0,9520,0,121272,1,0,0,0,0,0,0,0,0,0,0,0,0,0,7,193,2000,0,263,771,8225,16505
2959,51172089,780,-78583946,-1200,-165212435,-2521,57439939,876,35362283,539,196449675,2997,253,0,31698,32310,0,-46197,-1,-92234,-2,22340,0,12995,0,77705,1,0,0,0,0,0,0,0,0,0,0,0,0,0,7,193,2000,0,263,771,8225,16505
3021,180687647,2757,-286129385,-4366,-259890424,-3966,86275517,1316,64383126,982,202822165,3094,252,0,31822,102754,1,-161354,-3,-147377,-3,34311,0,24695,0,81431,1,0,0,0,0,0,0,0,0,0,0,0,0,0,7,193,2000,0,263,771,8225,16505
3083,145413453,2218,-178964848,-2731,-206938784,-3158,138483120,2113,117091126,1786,202635040,3091,253,0,31945,82426,1,-101603,-2,-117670,-2,55342,0,46607,0,81684,1,0,0,0,0,0,0,0,0,0,0,0,0,0,7,193,2000,0,263,771,8225,16505
3146,246570457,3762,-279656496,-4268,-279836267,-4270,122541778,1869,129120503,1970,153092896,2336,252,0,32071,139826,2,-159112,-3,-158595,-3,49144,0,51840,0,61482,0,0,0,0,0,0,0,0,0,0,0,0,0,0,7,193,2000,0,263,771,8225,16505
3211,246632203,3762,-123512783,-1885,-234142066,-3573,131508104,2006,197373643,3011,146338815,2232,253,0,32201,140143,2,-70458,-2,-133164,-3,53018,0,78882,1,59089,0,0,0,0,0,0,0,0,0,0,0,0,0,0,7,193,2000,0,263,771,8225,16505
3276,150211144,2181,-131885577,-2013,-127667821,-1949,110686204,1688,222597456,3396,31871104,486,254,0,32331,79304,1,-75247,-2,-73107,-2,45274,0,89453,1,14193,0,0,0,0,0,0,0,0,0,0,0,0,0,0,7,193,2000,0,263,771,8225,16505
3336,243356715,3713,-82813332,-1264,-184767511,-2820,106555027,1625,210030250,3204,57552329,878,254,0,32450,138165,2,-46943,-1,-105946,-2,42469,0,85091,1,22873,0,0,0,0,0,0,0,0,0,0,0,0,0,0,7,193,2000,0,263,771,8225,16505
3399,77874976,1188,-50512128,-771,-78697257,-1201,92948463,1418,253302321,3865,86325796,1317,254,0,32576,44656,0,-28562,-1,-44522,-1,37892,0,103269,1,35543,0,0,0,0,0,0,0,0,0,0,0,0,0,0,7,193,2000,0,263,771,8225,16505
3463,158212609,2414,-84501451,-1290,-193511348,-2953,65413325,998,248969250,3798,53103509,810,250,0,32704,89858,1,-47877,-1,-109799,-2,25084,0,99762,1,21152,0,0,0,0,0,0,0,0,0,0,0,0,0,0,7,193,2000,0,263,771,8225,16505
3529,-48648083,-743,-15802787,-242,-213705794,-3261,57991601,884,245038763,3738,43826189,668,252,0,32836,-27173,-1,-8761,-1,-121677,-2,22434,0,97305,1,17660,0,0,0,0,0,0,0,0,0,0,0,0,0,0,7,193,2000,0,263,771,8225,16505
3589,70423114,1074,-193256277,-2949,-161250594,-2461,12467679,190,252334685,3850,32628226,497,253,0,32955,52017,0,-111727,-2,-92556,-2,4260,0,100888,1,13658,0,0,0,0,0,0,0,0,0,0,0,0,0,0,7,193,2000,0,263,771,8225,16505
3651,-172362475,-2631,-54915335,-868,-99703779,-1522,4292951,65,260417706,3973,50359793,768,253,0,33079,-97944,-2,-32993,-1,-56199,-1,1028,0,105566,1,21559,0,0,0,0,0,0,0,0,0,0,0,0,0,0,7,193,2000,0,263,771,8225,16505
3715,-51201160,-782,-23109627,-299,46164012,704,-25740257,-393,256151970,3908,27043815,412,253,0,33207,-29784,-1,-10196,-1,26474,0,-10337,-1,102951,1,9522,0,0,0,0,0,0,0,0,0,0,0,0,0,0,7,193,2000,0,263,771,8225,16505
3775,-156507545,-2389,-146580894,-2237,15005533,228,47796166,729,268170114,4091,124412704,1898,253,0,33326,-88405,-2,-82649,-2,9937,0,20427,0,107334,1,49955,0,0,0,0,0,0,0,0,0,0,0,0,0,0,7,193,2000,0,263,771,8225,16505
3840,-40535850,-619,-56227831,-858,14490728,221,42708935,651,183024070,2792,34583272,527,253,0,33455,-23489,-1,-32447,-1,8420,0,17292,0,73635,1,13238,0,0,0,0,0,0,0,0,0,0,0,0,0,0,7,193,2000,0,263,771,8225,16505
3905,-27753519,-424,-226362378,-3455,-144831370,-2210,51472588,785,248495858,3791,117452234,1792,253,0,33586,-16074,-1,-127075,-2,-82574,-2,21361,0,99458,1,46145,0,0,0,0,0,0,0,0,0,0,0,0,0,0,7,193,2000,0,263,771,8225,16505
3969,-3941269,-61,-31157202,-476,-28569545,-436,-52829876,-807,200738459,3063,-4696378,-72,252,0,33713,-5060,-1,-17368,-1,-14135,-1,-19827,-1,81537,1,-2385,-1,0,0,0,0,0,0,0,0,0,0,0,0,0,7,193,2000,0,263,771,8225,16505
4030,73402702,1120,-61412874,-938,-85851906,-1310,12127762,185,236490715,3611,70496207,1075,253,0,33834,41664,0,-34723,-1,-48262,-1,4697,0,95169,1,27894,0,0,0,0,0,0,0,0,0,0,0,0,0,0,7,193,2000,0,263,771,8225,16505
4092,180228203,2750,-13925596,-213,-122363578,-1868,-16689866,-255,278916553,4255,109285209,1667,253,0,33958,103501,1,-8244,-1,-68517,-2,-6703,-1,112208,1,43491,0,0,0,0,0,0,0,0,0,0,0,0,0,0,7,193,2000,0,263,771,8225,16505
4157,40587501,619,-61769906,-943,-34886757,-533,10706917,163,262059040,3998,35655429,544,251,0,34089,26944,0,-37039,-1,-19865,-1,4044,0,104998,1,16266,0,0,0,0,0,0,0,0,0,0,0,0,0,0,7,193,2000,0,263,771,8225,16505
4225,119454986,1822,-65312827,-997,-10514900,-161,-6935532,-106,247012215,3764,38371747,585,253,0,34223,68032,1,-37348,-1,-5924,-1,-1352,-1,99600,1,15503,0,0,0,0,0,0,0,0,0,0,0,0,0,0,7,193,2000,0,263,771,8225,16505
4290,108414158,1654,-32346043,-494,9332939,144,-29417496,-449,264511503,4036,38941752,594,253,0,34354,61956,0,-17900,-1,5614,0,-11785,-1,106216,1,15373,0,0,0,0,0,0,0,0,0,0,0,0,0,0,7,193,2000,0,263,771,8225,16505
4358,83279307,1270,4178049,63,28606456,436,-18723140,-286,230810565,3521,-14454123,-221,255,0,34490,47042,0,2358,0,16371,0,-7433,-1,92587,1,-5809,-1,0,0,0,0,0,0,0,0,0,0,0,0,0,7,193,2000,0,263,771,8225,16505
4394,13338301,203,-41565695,-635,23770419,362,-9903339,-152,238993636,3646,14079529,214,252,0,34561,7979,0,-23627,-1,13599,0,-4049,-1,96013,1,6241,0,0,0,0,0,0,0,0,0,0,0,0,0,0,7,193,2000,0,263,771,8225,16505
4462,-26874860,-411,-145294167,-2360,41561489,634,24448802,373,246634983,3763,21629770,330,254,0,34697,-10363,-1,-90601,-2,23029,0,8670,0,98492,1,11125,0,0,0,0,0,0,0,0,0,0,0,0,0,0,7,193,2000,0,263,771,8225,16505
4530,50748071,774,-37230614,-569,34508698,526,15311466,233,270590243,4128,-2077440,-32,257,0,34832,27356,0,-19400,-1,19996,0,5933,0,108132,1,-1536,-1,0,0,0,0,0,0,0,0,0,0,0,0,0,7,193,2000,0,263,771,8225,16505
4598,15427869,247,31313910,477,29286379,446,-1802710,-28,239392754,3652,-21715489,-332,253,0,34969,9505,0,17682,0,16931,0,-768,-1,95778,1,-10056,-1,0,0,0,0,0,0,0,0,0,0,0,0,0,7,193,2000,0,263,771,8225,16505
4640,-11044218,-169,73405448,1120,25560385,390,21193631,323,241401778,3683,-14049751,-215,252,0,35052,-6062,-1,42545,0,14402,0,7715,0,96460,1,-6466,-1,0,0,0,0,0,0,0,0,0,0,0,0,0,7,193,2000,0,263,771,8225,16505
4706,-284720315,-4345,-1448653,-23,-11986136,-183,12350184,188,192319256,2934,-59024747,-901,254,0,35183,-163340,-3,-462,-1,-6835,-1,6107,0,78272,1,-23563,-1,0,0,0,0,0,0,0,0,0,0,0,0,0,7,193,2000,0,263,771,8225,16505
4771,-578999140,-8835,84100318,1283,-77567401,-1184,-8100787,-124,254840356,3888,127933603,1952,253,0,35314,-328533,-6,46964,0,-43818,-1,-4394,-1,102466,1,51376,0,0,0,0,0,0,0,0,0,0,0,0,0,0,7,193,2000,0,263,771,8225,16505
4841,-374904904,-5721,25603171,390,-32849869,-502,-48397032,-739,207303793,3163,119571225,1792,252,0,35453,-213976,-4,15010,0,-18050,-1,-18526,-1,85721,1,46678,0,0,0,0,0,0,0,0,0,0,0,0,0,0,7,193,2000,0,263,771,8225,16505
4915,-461090649,-7036,-169978231,-2594,-76268820,-1164,11338155,173,150793350,2300,151349601,2309,252,0,35601,-263042,-5,-96700,-2,-43013,-1,3671,0,60509,0,60894,0,0,0,0,0,0,0,0,0,0,0,0,0,0,7,193,2000,0,263,771,8225,16505
4955,-495419972,-7560,-63043387,-962,26024550,397,-20089172,-307,148667343,2268,228906693,3320,254,0,35680,-278743,-5,-39563,-1,16974,0,61490,0,69344,1,87154,1,0,0,0,0,0,0,0,0,0,0,0,0,0,7,193,2000,0,263,771,8225,16505
5029,-439511209,-6707,-112379270,-1715,-6026672,-92,33628425,513,104955428,1601,259427524,3958,253,0,35827,-250131,-4,-64008,-1,-2751,-1,12307,0,42269,0,104302,1,0,0,0,0,0,0,0,0,0,0,0,0,0,7,193,2000,0,263,771,8225,16505
5109,-195845687,-2989,-66855646,-1021,-28386359,-434,57272569,873,75735760,1144,280450554,4279,253,0,35987,-110970,-2,-38015,-1,-16170,-1,22719,0,30351,0,112048,1,0,0,0,0,0,0,0,0,0,0,0,0,0,7,193,2000,0,263,771,8225,16505
5175,-115297774,-1760,-4933292,-76,-10727301,-164,63178140,964,82948585,1261,269108426,4106,253,0,36120,-65481,-1,-2962,-1,-6741,-1,25173,0,33225,0,108249,1,0,0,0,0,0,0,0,0,0,0,0,0,0,7,193,2000,0,263,771,8225,16505
5263,-22479310,-344,-8343756,-128,-28174326,-430,31893311,486,91283894,1392,253151456,3862,253,0,36294,-12565,-1,-4688,-1,-15529,-1,12801,0,36623,0,101670,1,0,0,0,0,0,0,0,0,0,0,0,0,0,7,193,2000,0,263,771,8225,16505
5304,1316980,20,-15728984,-241,4002334,61,44997747,686,82816606,1263,234897628,3584,253,0,36375,805,0,-9006,-1,2315,0,18130,0,33108,0,94299,1,0,0,0,0,0,0,0,0,0,0,0,0,0,7,193,2000,0,263,771,8225,16505
5346,-30438226,-465,-26436180,-404,-6390830,-98,44251650,675,79925782,1219,236697881,3611,253,0,36459,-17355,-1,-14888,-1,-3791,-1,17585,0,32030,0,95348,1,0,0,0,0,0,0,0,0,0,0,0,0,0,7,193,2000,0,263,771,8225,16505
5424,-34603436,-529,11066368,168,21578244,329,38566788,588,70384386,1073,236433816,3607,253,0,36616,-19817,-1,6198,0,12123,0,15661,0,28196,0,94979,1,0,0,0,0,0,0,0,0,0,0,0,0,0,7,193,2000,0,263,771,8225,16505
5467,-34948790,-534,-2678339,-41,4491269,68,44902719,685,70618839,1077,239862119,3660,254,0,36700,-19827,-1,-1563,-1,2380,0,17782,0,28379,0,96322,1,0,0,0,0,0,0,0,0,0,0,0,0,0,7,193,2000,0,263,771,8225,16505
5534,-84948864,-1297,-11106735,-170,36043902,549,59489709,907,57444038,876,240368282,3667,252,0,36835,-48422,-1,-6109,-1,20407,0,23988,0,23099,0,97012,1,0,0,0,0,0,0,0,0,0,0,0,0,0,7,193,2000,0,263,771,8225,16505
5602,-33568737,-513,3823305,58,-32326008,-494,45630522,696,36802168,561,235298421,3581,253,0,36972,-19340,-1,2021,0,-18370,-1,18104,0,14560,0,94259,1,0,0,0,0,0,0,0,0,0,0,0,0,0,7,193,2000,0,263,771,8225,16505
5672,-49571244,-757,49046769,748,28705647,438,30332996,462,21353330,325,281002022,4287,252,0,37110,-28239,-1,27864,0,16292,0,12805,0,8571,0,112927,1,0,0,0,0,0,0,0,0,0,0,0,0,0,7,193,2000,0,263,771,8225,16505
5717,-18259788,-279,-15483304,-237,1760640,26,54742192,835,20067241,306,268169063,4091,253,0,37201,-10425,-1,-9346,-1,1060,0,21962,0,8005,0,107407,1,0,0,0,0,0,0,0,0,0,0,0,0,0,7,193,2000,0,263,771,8225,16505
5788,-46566128,-711,-38470513,-588,-12956434,-198,50056959,763,20451662,312,258770487,3948,253,0,37342,-26509,-1,-21982,-1,-7351,-1,20136,0,8274,0,104293,1,0,0,0,0,0,0,0,0,0,0,0,0,0,7,193,2000,0,263,771,8225,16505
5867,-2822865,-44,-23140036,-354,-21729974,-332,39320583,599,7683966,117,274346483,4186,254,0,37501,-1681,-1,-13090,-1,-12556,-1,15378,0,2953,0,110325,1,0,0,0,0,0,0,0,0,0,0,0,0,0,7,193,2000,0,263,771,8225,16505
5911,-2520736,-39,1671431,25,22858829,348,19604083,299,-7341597,-113,260134713,3979,251,0,37588,-1454,-1,1048,0,13274,0,7973,0,-3041,-1,104964,1,0,0,0,0,0,0,0,0,0,0,0,0,0,7,193,2000,0,263,771,8225,16505
6001,17026975,259,23071936,352,8436144,128,63003496,961,-12626681,-193,265073658,4044,253,0,37767,9833,0,13107,0,4856,0,25295,0,-5219,-1,106161,1,0,0,0,0,0,0,0,0,0,0,0,0,0,7,193,2000,0,263,771,8225,16505
6045,-15830539,-242,-15271925,-234,2224689,33,64577016,985,-10585905,-162,236928685,3615,253,0,37855,-9043,-1,-8937,-1,1363,0,25960,0,-4051,-1,95619,1,0,0,0,0,0,0,0,0,0,0,0,0,0,7,193,2000,0,263,771,8225,16505
6092,9864233,150,-15764270,-241,-4394188,-68,61978498,945,12465134,190,272685700,4160,256,0,37948,6488,0,-8970,-1,-2695,-1,24906,0,5066,0,109559,1,0,0,0,0,0,0,0,0,0,0,0,0,0,7,193,2000,0,263,771,8225,16505
6171,70448015,1074,-536390,-9,-26688192,-408,29547552,450,5446645,83,205153417,3130,254,0,38106,40003,0,-285,-1,-15009,-1,11294,0,2077,0,82401,1,0,0,0,0,0,0,0,0,0,0,0,0,0,7,193,2000,0,263,771,8225,16505
6216,26644395,406,24170894,368,25535622,389,40044413,611,12849606,196,213139180,3252,255,0,38195,14953,0,13923,0,14353,0,16634,0,5327,0,85698,1,0,0,0,0,0,0,0,0,0,0,0,0,0,7,193,2000,0,263,771,8225,16505
6295,-17930245,-274,-84843004,-1295,243003334,3707,-54647065,-834,-17646677,-288,244391088,3729,253,0,38354,-7610,-1,-49473,-1,145164,2,-24458,-1,-7272,-1,98114,1,0,0,0,0,0,0,0,0,0,0,0,0,0,7,193,2000,0,263,771,8225,16505
6341,-32094322,-490,-5804850,-89,98670136,1505,58690905,895,16190190,247,211510617,3227,253,0,38444,-18055,-1,-2614,-1,56073,0,23897,0,6381,0,84330,1,0,0,0,0,0,0,0,0,0,0,0,0,0,7,193,2000,0,263,771,8225,16505
6427,-29955602,-458,2120887,32,-33722531,-515,34524987,526,16147216,246,258504625,3944,254,0,38616,-16800,-1,1059,0,-18996,-1,13634,0,6772,0,103745,1,0,0,0,0,0,0,0,0,0,0,0,0,0,7,193,2000,0,263,771,8225,16505
6472,-15524944,-237,41391564,631,-27759319,-424,57417755,876,33440929,510,257271165,3925,254,0,38705,-9094,-1,23587,0,-15947,-1,23069,0,13290,0,103066,1,0,0,0,0,0,0,0,0,0,0,0,0,0,7,193,2000,0,263,771,8225,16505
6556,-14978379,-229,33324086,508,-10393486,-159,32935606,502,9151726,139,264735337,4039,254,0,38874,-8410,-1,19132,0,-5259,-1,13270,0,3179,0,106485,1,0,0,0,0,0,0,0,0,0,0,0,0,0,7,193,2000,0,263,771,8225,16505
6603,-35935517,-549,18125831,276,43931130,670,66376485,1012,19072549,291,243831417,3720,254,0,38967,-20350,-1,10192,0,24470,0,26590,0,7625,0,97790,1,0,0,0,0,0,0,0,0,0,0,0,0,0,7,193,2000,0,263,771,8225,16505
6684,-78660131,-1201,23882101,364,42495803,648,29926994,456,-12017516,-184,222856692,3400,255,0,39129,-45104,-1,12898,0,24491,0,12033,0,-4900,-1,89507,1,0,0,0,0,0,0,0,0,0,0,0,0,0,7,193,2000,0,263,771,8225,16505
6730,-106290510,-1622,57714283,880,27306854,416,28668904,437,-3829613,-59,263195626,4016,253,0,39222,-60395,-1,32987,0,15532,0,11546,0,-1423,-1,105776,1,0,0,0,0,0,0,0,0,0,0,0,0,0,7,193,2000,0,263,771,8225,16505
6777,-60617324,-925,42458444,647,23190635,353,29764299,454,-29588676,-452,254622315,3872,254,0,39316,-34485,-1,23887,0,13329,0,11744,0,-11545,-1,101802,1,0,0,0,0,0,0,0,0,0,0,0,0,0,7,193,2000,0,263,771,8225,16505
6857,-62326486,-952,45423073,693,540782,8,36769444,561,-26953824,-412,282655220,4313,253,0,39476,-35420,-1,25705,0,153,0,14718,0,-10675,-1,113558,1,0,0,0,0,0,0,0,0,0,0,0,0,0,7,193,2000,0,263,771,8225,16505
6906,-15480600,-237,74834964,1141,-16453758,-252,45195225,689,-20715058,-317,291823352,4452,252,0,39572,-8900,-1,42165,0,-9958,-1,18099,0,-8352,-1,117216,1,0,0,0,0,0,0,0,0,0,0,0,0,0,7,193,2000,0,263,771,8225,16505
6985,-31580921,-497,60419490,921,-2405125,-37,20707519,315,-25640243,-392,270011737,4120,249,0,39732,-18771,-1,34659,0,-1369,-1,8340,0,-10426,-1,108625,1,0,0,0,0,0,0,0,0,0,0,0,0,0,7,193,2000,0,263,771,8225,16505
7034,-10931422,-167,72047338,1089,-30736703,-470,30142501,459,-36876209,-563,278019190,4242,253,0,39827,-6404,-1,40410,0,-17524,-1,12045,0,-14912,-1,111432,1,0,0,0,0,0,0,0,0,0,0,0,0,0,7,193,2000,0,263,771,8225,16505
7109,-9345542,-143,40689265,620,-10030503,-154,13744847,209,-30943264,-473,285762798,4360,253,0,39978,-5318,-1,23032,0,-5551,-1,5668,0,-12397,-1,114809,1,0,0,0,0,0,0,0,0,0,0,0,0,0,7,193,2000,0,263,771,8225,16505
7158,-15212026,-233,2136010,32,5493304,83,-378385,-6,-27363428,-412,301869138,4606,253,0,40074,-8692,-1,1194,0,2951,0,-12,-1,-10844,-1,121420,1,0,0,0,0,0,0,0,0,0,0,0,0,0,7,193,2000,0,263,771,8225,16505
7241,-4824864,-74,14433194,220,15682843,239,-5556539,-85,-32999524,-505,285877584,4362,254,0,40241,-2838,-1,8134,0,8941,0,-2097,-1,-13322,-1,114790,1,0,0,0,0,0,0,0,0,0,0,0,0,0,7,193,2000,0,263,771,8225,16505
7290,-13836990,-212,2905638,44,8001294,122,-2551377,-39,-35096415,-536,296532769,4524,254,0,40339,-7779,-1,1515,0,4435,0,-1052,-1,-14150,-1,119055,1,0,0,0,0,0,0,0,0,0,0,0,0,0,7,193,2000,0,263,771,8225,16505
7365,-18562638,-284,5137649,78,25691356,392,-10069212,-154,-53071139,-810,278528457,4250,253,0,40489,-10710,-1,2829,0,15004,0,-3965,-1,-21392,-1,111858,1,0,0,0,0,0,0,0,0,0,0,0,0,0,7,193,2000,0,263,771,8225,16505
7414,-26054206,-398,-16460354,-252,46805770,714,5465503,82,-47518543,-726,282773001,4314,252,0,40587,-14674,-1,-9270,-1,26412,0,2135,0,-19096,-1,113571,1,0,0,0,0,0,0,0,0,0,0,0,0,0,7,193,2000,0,263,771,8225,16505
7467,-8553712,-131,-13279725,-203,37077756,565,-6393359,-98,-58180930,-888,262905556,4011,253,0,40691,-4885,-1,-7690,-1,21036,0,-2617,-1,-23385,-1,105588,1,0,0,0,0,0,0,0,0,0,0,0,0,0,7,193,2000,0,263,771,8225,16505
7545,-20845750,-319,934641,14,30134596,459,976418,14,-48156435,-735,258393715,3940,253,0,40849,-11934,-1,416,0,17105,0,389,0,-19141,-1,103782,1,0,0,0,0,0,0,0,0,0,0,0,0,0,7,193,2000,0,263,771,8225,16505
7596,-33992942,-519,-6409396,-98,38027184,580,2612169,39,-47097284,-716,263549530,4021,254,0,40948,-19266,-1,-3687,-1,21652,0,1117,0,-18880,-1,105844,1,0,0,0,0,0,0,0,0,0,0,0,0,0,7,193,2000,0,263,771,8225,16505
7678,-26315404,-402,-15657018,-239,22866438,348,13574214,207,-46285496,-707,256938920,3920,252,0,41114,-14934,-1,-8928,-1,12931,0,5266,0,-18557,-1,103181,1,0,0,0,0,0,0,0,0,0,0,0,0,0,7,193,2000,0,263,771,8225,16505
7729,-2600181,-40,11111297,169,41131205,627,18787962,286,-34017634,-520,259529567,3960,255,0,41214,-953,-1,2770,0,22106,0,6810,0,-14519,-1,103779,1,0,0,0,0,0,0,0,0,0,0,0,0,0,7,193,2000,0,263,771,8225,16505
7782,-22859768,-349,-6708089,-103,27106084,413,7011132,106,-47729144,-729,259446590,3958,253,0,41321,-12931,-1,-3646,-1,15420,0,2858,0,-19175,-1,104080,1,0,0,0,0,0,0,0,0,0,0,0,0,0,7,193,2000,0,263,771,8225,16505
7864,-28598780,-437,-10342833,-158,11298682,172,7341605,112,-62940011,-961,245596438,3747,254,0,41484,-16606,-1,-5766,-1,6504,0,2911,0,-25335,-1,98694,1,0,0,0,0,0,0,0,0,0,0,0,0,0,7,193,2000,0,263,771,8225,16505
7916,-22890494,-350,-17732335,-271,7085507,108,7704270,117,-47196192,-721,268800129,4101,253,0,41589,-13042,-1,-9898,-1,3914,0,3007,0,-18759,-1,108169,1,0,0,0,0,0,0,0,0,0,0,0,0,0,7,193,2000,0,263,771,8225,16505
7972,-23621965,-366,-10559002,-162,1896138,28,3357611,51,-58660199,-896,250408727,3820,254,0,41700,-13700,-1,-5989,-1,1040,0,1359,0,-23564,-1,100671,1,0,0,0,0,0,0,0,0,0,0,0,0,0,7,193,2000,0,263,771,8225,16505
8067,-6094183,-93,-62682803,-957,4468482,68,-3246318,-50,-61968979,-946,251333454,3835,254,0,41889,-4045,-1,-35668,-1,2562,0,-1289,-1,-24904,-1,101114,1,0,0,0,0,0,0,0,0,0,0,0,0,0,7,193,2000,0,263,771,8225,16505
8120,-1041506,-17,-25849321,-395,-6970635,-107,15265776,232,-59216776,-904,256769733,3917,253,0,41995,-593,-1,-14726,-1,-4024,-1,6201,0,-23768,-1,103120,1,0,0,0,0,0,0,0,0,0,0,0,0,0,7,193,2000,0,263,771,8225,16505
8174,-42403660,-648,-83621700,-1276,-49737200,-759,45548695,695,-65592136,-1001,244122051,3725,255,0,42101,-24217,-1,-47613,-1,-28798,-1,18322,0,-26349,-1,98189,1,0,0,0,0,0,0,0,0,0,0,0,0,0,7,193,2000,0,263,771,8225,16505
8233,-17423328,-266,-62388088,-952,-59011442,-901,25228273,384,-51423595,-785,248631817,3793,253,0,42220,-9747,-1,-35128,-1,-33477,-1,10070,0,-20757,-1,99471,1,0,0,0,0,0,0,0,0,0,0,0,0,0,7,193,2000,0,263,771,8225,16505
8287,-22461719,-343,-44311293,-677,-70277786,-1073,56963131,869,-56874569,-868,251270894,3834,253,0,42329,-12704,-1,-25326,-1,-40155,-1,23024,0,-22899,-1,101041,1,0,0,0,0,0,0,0,0,0,0,0,0,0,7,193,2000,0,263,771,8225,16505
8351,-12709105,-194,-41754009,-638,-63112616,-964,55335008,844,-64435060,-984,241507063,3685,253,0,42456,-7399,-1,-23565,-1,-36157,-1,22287,0,-25800,-1,96985,1,0,0,0,0,0,0,0,0,0,0,0,0,0,7,193,2000,0,263,771,8225,16505
8431,13830269,211,-15404410,-236,-66356959,-1013,54305470,828,-57258807,-875,242665040,3702,254,0,42615,7662,0,-8553,-1,-37712,-1,21642,0,-22967,-1,97262,1,0,0,0,0,0,0,0,0,0,0,0,0,0,7,193,2000,0,263,771,8225,16505
8484,16263060,248,-48586393,-742,-30207590,-461,56683596,864,-49543276,-756,257599293,3930,253,0,42722,9140,0,-27872,-1,-17223,-1,22550,0,-19842,-1,103403,1,0,0,0,0,0,0,0,0,0,0,0,0,0,7,193,2000,0,263,771,8225,16505
8537,20816711,317,-153255367,-2339,14415866,219,78780575,1202,-58696462,-896,237018292,3596,254,0,42828,11824,0,-87858,-2,8435,0,31675,0,-23754,-1,94537,1,0,0,0,0,0,0,0,0,0,0,0,0,0,7,193,2000,0,263,771,8225,16505
8616,224861383,3431,-63267886,-966,57998911,884,13880782,211,-7306002,-112,265496271,4051,253,0,42985,127533,1,-36492,-1,33012,0,6671,0,-1990,-1,103435,1,0,0,0,0,0,0,0,0,0,0,0,0,0,7,193,2000,0,263,771,8225,16505
8671,193720619,2955,321149249,4900,-34706946,-530,93438611,1474,-20277735,-310,246824817,3766,254,0,43093,109650,1,181743,2,-20044,-1,40010,0,-8104,-1,100089,1,0,0,0,0,0,0,0,0,0,0,0,0,0,7,193,2000,0,263,771,8225,16505
8724,195304308,2980,559912777,8543,-101650304,-1552,66077613,1008,-33315872,-509,282886829,4316,253,0,43200,111800,1,317690,4,-57964,-1,28373,0,-12492,-1,113486,1,0,0,0,0,0,0,0,0,0,0,0,0,0,7,193,2000,0,263,771,8225,16505
8804,86906436,1326,766865609,11701,-54602253,-834,-6904301,-106,3879056,59,277612014,4236,252,0,43359,50185,0,437083,6,-32407,-1,-1464,-1,1122,0,111997,1,0,0,0,0,0,0,0,0,0,0,0,0,0,7,193,2000,0,263,771,8225,16505
8858,-43229477,-660,769920463,11748,-70956776,-1083,-84019915,-1283,35976795,548,218459644,3333,253,0,43469,-25431,-1,437933,6,-42338,-1,-33650,-1,7433,0,89107,1,0,0,0,0,0,0,0,0,0,0,0,0,0,7,193,2000,0,263,771,8225,16505
8916,-41300232,-631,726957774,10960,-87564614,-1337,-179682187,-2742,-4691910,-72,185973871,2837,254,0,43583,-27054,-1,405944,6,-49725,-1,-72442,-2,-2738,-1,74927,1,0,0,0,0,0,0,0,0,0,0,0,0,0,7,193,2000,0,263,771,8225,16505
9013,1280824,19,649698217,9913,26078934,397,-250277446,-3819,-16313419,-249,117446945,1792,253,0,43776,1031,0,367627,5,17310,0,-99914,-2,-6316,-1,47405,0,0,0,0,0,0,0,0,0,0,0,0,0,0,7,193,2000,0,263,771,8225,16505
9069,167064185,2549,320396332,4888,111052116,1694,-239139891,-3649,-21877753,-334,54936761,830,253,0,43889,95042,1,182236,2,63390,0,-95865,-2,-9094,-1,21811,0,0,0,0,0,0,0,0,0,0,0,0,0,0,7,193,2000,0,263,771,8225,16505
9127,130504272,1991,198843457,3034,118678800,1810,-218800909,-3335,-7137086,-109,7542387,115,254,0,44004,73667,1,112544,1,66639,1,-87670,-2,-2845,-1,3115,0,0,0,0,0,0,0,0,0,0,0,0,0,0,7,193,2000,0,263,771,8225,16505
9183,167517129,2556,444451281,6781,45592530,695,-243346477,-3714,797278,12,-4477205,-69,252,0,44117,97756,1,253270,3,25952,0,-97653,-2,295,0,-3249,-1,0,0,0,0,0,0,0,0,0,0,0,0,0,7,193,2000,0,263,771,8225,16505
9242,143649252,2191,405334725,6184,25558583,389,-264705969,-4040,7420271,174,-67744995,-1034,254,0,44233,81909,1,229965,3,14870,0,-104623,-2,5275,0,-27358,-1,0,0,0,0,0,0,0,0,0,0,0,0,0,7,193,2000,0,263,771,8225,16505
9301,78506869,1197,12178522,185,19345631,295,-260354698,-3973,11689596,178,-86433236,-1319,253,0,44352,44608,0,6239,0,11110,0,-104630,-2,4846,0,-34658,-1,0,0,0,0,0,0,0,0,0,0,0,0,0,7,193,2000,0,263,771,8225,16505
9360,55343725,844,-544523577,-8309,20433763,311,-289528146,-4418,6241757,95,-114238882,-1744,251,0,44470,29896,0,-311269,-5,12057,0,-116367,-2,2531,0,-45812,-1,0,0,0,0,0,0,0,0,0,0,0,0,0,7,193,2000,0,263,771,8225,16505
9419,26644199,406,-918010961,-14008,52355340,798,-262639858,-4008,12657764,193,47560502,725,253,0,44586,18987,0,-523611,-8,29090,0,-104401,-2,4389,0,20137,0,0,0,0,0,0,0,0,0,0,0,0,0,0,7,193,2000,0,263,771,8225,16505
9477,-16466504,-252,-434337012,-6595,52246793,797,-207197282,-3162,15237341,232,96810301,1477,253,0,44702,-9538,-1,-245430,-4,29529,0,-82774,-2,5818,0,38135,0,0,0,0,0,0,0,0,0,0,0,0,0,0,7,193,2000,0,263,771,8225,16505
9536,-96055854,-1466,-706144656,-10775,-30567293,-467,-245450431,-3746,8579337,130,184565070,2816,253,0,44821,-53806,-1,-403960,-7,-16714,-1,-98606,-2,3380,0,74154,1,0,0,0,0,0,0,0,0,0,0,0,0,0,7,193,2000,0,263,771,8225,16505
9656,-78074453,-1192,-843010092,-12864,127002876,1937,465061,7,-3260456,-50,267529319,4082,254,0,45060,-43699,-1,-478613,-8,72073,1,852,0,-1272,-1,107765,1,0,0,0,0,0,0,0,0,0,0,0,0,0,7,193,2000,0,263,771,8225,16505
9714,-84198735,-1285,-955029349,-14573,105318527,1607,66335817,1012,-10362283,-159,209834357,3201,254,0,45176,-48644,-1,-544484,-9,60154,0,27353,0,-4549,-1,85238,1,0,0,0,0,0,0,0,0,0,0,0,0,0,7,193,2000,0,263,771,8225,16505
9773,-77517825,-1140,-924430423,-14106,132447081,2020,179098883,2732,-26865303,-410,250786296,3826,254,0,45294,-41956,-1,-521998,-8,75430,1,71520,1,-11193,-1,96103,1,0,0,0,0,0,0,0,0,0,0,0,0,0,7,193,2000,0,263,771,8225,16505
9832,-22062813,-337,-782042776,-11934,104704921,1597,221012530,3372,-45550787,-696,126433710,1929,253,0,45410,-13795,-1,-445647,-7,59454,0,89151,1,-17627,-1,51238,0,0,0,0,0,0,0,0,0,0,0,0,0,0,7,193,2000,0,263,771,8225,16505
9891,-7723999,-118,-728208672,-11112,91675535,1398,235206420,3588,-55163576,-842,77160006,1177,254,0,45529,-3517,-1,-414774,-7,52326,0,94418,1,-21168,-1,31284,0,0,0,0,0,0,0,0,0,0,0,0,0,0,7,193,2000,0,263,771,8225,16505
9953,19186322,292,-631108831,-9630,71586899,1092,273146987,4167,-45046665,-688,30158253,460,251,0,45653,12461,0,-356229,-6,39614,0,109792,1,-17702,-1,12712,0,0,0,0,0,0,0,0,0,0,0,0,0,0,7,193,2000,0,263,771,8225,16505
10023,20128574,307,-440109184,-6716,22428353,342,244572419,3731,-52269127,-798,-44477276,-679,254,0,45793,11893,0,-248654,-4,12713,0,98220,1,-20010,-1,-18339,-1,0,0,0,0,0,0,0,0,0,0,0,0,0,7,193,2000,0,263,771,8225,16505
10083,15971855,243,-96632551,-1475,-24732751,-378,250825918,3827,-63650844,-972,-90185214,-1377,253,0,45913,8934,0,-54668,-1,-14091,-1,100833,1,-25553,-1,-36271,-1,0,0,0,0,0,0,0,0,0,0,0,0,0,7,193,2000,0,263,771,8225,16505
10143,-7318396,-112,101338677,1546,-61321627,-936,234880587,3583,-48948038,-747,-80579675,-1230,254,0,46032,-3924,-1,58323,0,-34432,-1,94855,1,-19587,-1,-32184,-1,0,0,0,0,0,0,0,0,0,0,0,0,0,7,193,2000,0,263,771,8225,16505
10204,80848107,1233,328633578,5014,-93231393,-1423,258569698,3945,-41150448,-628,-48269502,-737,255,0,46153,46140,0,187897,2,-53321,-1,103966,1,-16468,-1,-19402,-1,0,0,0,0,0,0,0,0,0,0,0,0,0,7,193,2000,0,263,771,8225,16505
10265,-71486502,-1091,1450719236,22136,-151671828,-2315,269040081,4105,-34369080,-525,-32199182,-492,252,0,46276,-52438,-1,827382,12,-86013,-2,106886,1,-15170,-1,-9338,-1,0,0,0,0,0,0,0,0,0,0,0,0,0,7,193,2000,0,263,771,8225,16505
10326,82508506,1258,1206122883,18403,-85097882,-1299,293022302,4424,-69278838,-1058,160782173,2453,254,0,46396,47011,0,686529,10,-47349,-1,116860,1,-28299,-1,63304,0,0,0,0,0,0,0,0,0,0,0,0,0,0,7,193,2000,0,263,771,8225,16505
10388,-104745006,-1599,687390191,10488,-49031164,-749,116106862,1718,-27889288,-426,245318829,3743,255,0,46519,-59384,-1,390623,5,-25975,-1,45688,0,-10605,-1,99047,1,0,0,0,0,0,0,0,0,0,0,0,0,0,7,193,2000,0,263,771,8225,16505
10449,-16717914,-278,780020504,11902,8687877,132,98877633,1508,-25740451,-393,207049615,3159,253,0,46643,-10860,-1,441911,6,4602,0,38564,0,-10777,-1,82746,1,0,0,0,0,0,0,0,0,0,0,0,0,0,7,193,2000,0,263,771,8225,16505
10511,9138670,139,816094099,12452,95442887,1456,-5092259,-78,-32156769,-429,253971293,3875,254,0,46767,4281,0,465692,7,54353,0,110,0,-10401,-1,101932,1,0,0,0,0,0,0,0,0,0,0,0,0,0,7,193,2000,0,263,771,8225,16505
10573,-102399549,-1563,982554428,14992,93611406,1428,-112278246,-1714,-32546916,-497,262690802,4008,254,0,46890,-57602,-1,558976,8,53563,0,-46001,-1,-14205,-1,106607,1,0,0,0,0,0,0,0,0,0,0,0,0,0,7,193,2000,0,263,771,8225,16505
10636,-33778805,-516,765348517,11678,123505774,1884,-149525860,-2282,-35768517,-546,240957140,3676,252,0,47014,-17119,-1,434343,6,69741,1,-60948,-1,-14190,-1,95445,1,0,0,0,0,0,0,0,0,0,0,0,0,0,7,193,2000,0,263,771,8225,16505
10697,462655,7,574693048,8769,150519467,2296,-217490425,-3319,-17805232,-273,155017654,2365,254,0,47137,211,0,325487,4,85732,1,-87334,-2,-7059,-1,62295,0,0,0,0,0,0,0,0,0,0,0,0,0,0,7,193,2000,0,263,771,8225,16505
10760,104615186,1596,262333437,4002,176959105,2700,-258459288,-3944,-15823438,-242,152572962,2328,253,0,47263,59457,0,151391,2,101206,1,-103811,-2,-6388,-1,61560,0,0,0,0,0,0,0,0,0,0,0,0,0,0,7,193,2000,0,263,771,8225,16505
10823,171786589,2621,235078757,3587,172876665,2637,-239881161,-3661,2629955,40,77037706,1175,253,0,47388,97097,1,132541,2,97798,1,-96676,-2,963,0,31417,0,0,0,0,0,0,0,0,0,0,0,0,0,0,7,193,2000,0,263,771,8225,16505
10887,311535552,4753,210176882,3207,285840497,4361,-271948483,-4150,29284859,446,73668285,1124,253,0,47516,177941,2,119266,1,162922,2,-108880,-2,13195,0,29619,0,0,0,0,0,0,0,0,0,0,0,0,0,0,7,193,2000,0,263,771,8225,16505
10950,303569222,4632,-40808008,-623,288516969,4402,-221678968,-3383,65223456,969,26770129,408,253,0,47642,172961,2,-23065,-1,163845,2,-89784,-2,25324,0,11109,0,0,0,0,0,0,0,0,0,0,0,0,0,0,7,193,2000,0,263,771,8225,16505
11015,315143021,4808,95711788,1460,319277355,4871,-219063022,-3314,126528693,1930,-35594904,-544,252,0,47771,178930,2,54490,0,182125,2,-86611,-2,50377,0,-14552,-1,0,0,0,0,0,0,0,0,0,0,0,0,0,7,193,2000,0,263,771,8225,16505
11085,269624465,4114,-53460122,-816,279782649,4269,-198238830,-3025,152567612,2327,-60872529,-929,253,0,47910,150602,2,-31638,-1,159407,2,-78906,-2,62165,0,-24111,-1,0,0,0,0,0,0,0,0,0,0,0,0,0,7,193,2000,0,263,771,8225,16505
11148,319721632,4878,-133593214,-2039,277769427,4238,-166903079,-2547,161047065,2467,-55489809,-847,254,0,48037,181646,2,-75620,-2,157906,2,-67099,-2,64892,0,-22524,-1,0,0,0,0,0,0,0,0,0,0,0,0,0,7,193,2000,0,263,771,8225,16505
11214,268622211,4098,-40707678,-622,219274267,3345,-147762746,-2255,171744291,2620,-89764279,-1370,253,0,48169,152296,2,-22970,-1,124494,1,-58535,-1,70011,1,-36254,-1,0,0,0,0,0,0,0,0,0,0,0,0,0,7,193,2000,0,263,771,8225,16505
11278,245610074,3747,51221050,781,259493732,3959,-168423040,-2570,193220525,2948,-68063465,-1039,253,0,48296,139766,2,28435,0,148208,2,-67028,-2,77500,1,-27637,-1,0,0,0,0,0,0,0,0,0,0,0,0,0,7,193,2000,0,263,771,8225,16505
11342,333072088,5082,5957138,90,315242468,4810,-149667743,-2284,192092740,2931,-60793811,-928,253,0,48424,190807,2,3402,0,179610,2,-60072,-1,77222,1,-25267,-1,0,0,0,0,0,0,0,0,0,0,0,0,0,7,193,2000,0,263,771,8225,16505
11408,338953353,5172,238167027,3634,316791303,4833,-75218821,-1148,187243029,2857,-72472904,-1106,254,0,48556,193486,2,134305,2,180166,2,-31189,-1,73528,1,-28678,-1,0,0,0,0,0,0,0,0,0,0,0,0,0,7,193,2000,0,263,771,8225,16505
11474,432250102,6595,229511689,3502,259715997,3962,-1487278,-223,138382696,2111,-200532605,-3060,252,0,48688,245802,3,128584,1,144465,2,-6474,-1,55429,0,-81362,-2,0,0,0,0,0,0,0,0,0,0,0,0,0,7,193,2000,0,263,771,8225,16505
11538,383944385,5858,-50854435,-776,312685158,4771,-64290610,-981,134280444,2048,-232763304,-3545,253,0,48816,217494,3,-29259,-1,177910,2,-26763,-1,50506,0,-93665,-2,0,0,0,0,0,0,0,0,0,0,0,0,0,7,193,2000,0,263,771,8225,16505
11604,326776851,4990,-54779976,-836,228369536,3484,-30239355,-462,110779698,1690,-204298942,-3118,253,0,48948,186111,2,-31589,-1,129649,1,-12004,-1,44580,0,-83433,-2,0,0,0,0,0,0,0,0,0,0,0,0,0,7,193,2000,0,263,771,8225,16505
11608,324594549,4952,-69071698,-1054,226456663,3455,-23631407,-361,109983699,1678,-219538172,-3350,253,0,48954,184198,2,-42844,-1,128558,1,-9315,-1,43962,0,-88448,-2,0,0,0,0,0,0,0,0,0,0,0,0,0,7,193,2000,0,263,771,8225,16505
11674,79441566,1212,-381913101,-5828,156589271,2389,-35908832,-548,112712851,1719,-160463137,-2449,254,0,49088,47105,0,-216315,-4,88709,1,-14855,-1,45110,0,-63456,-1,0,0,0,0,0,0,0,0,0,0,0,0,0,7,193,2000,0,263,771,8225,16505
11742,319330076,4872,13946717,212,97862656,1493,-106207540,-1744,59615818,909,-284022152,-4334,256,0,49222,180344,2,7641,0,60584,0,-45382,-1,24846,0,-114761,-2,0,0,0,0,0,0,0,0,0,0,0,0,0,7,193,2000,0,263,771,8225,16505
11809,183548490,2800,-32872463,-502,244512864,3730,-103508985,-1580,88361318,1348,-273733965,-4177,254,0,49356,104105,1,-20594,-1,139396,2,-41431,-1,35286,0,-109526,-2,0,0,0,0,0,0,0,0,0,0,0,0,0,7,193,2000,0,263,771,8225,16505
11876,119067584,1816,-356340870,-5438,225460897,3440,-110741713,-1684,100181354,1528,-261265461,-3987,256,0,49490,67177,1,-202432,-4,129775,1,-44218,-1,39880,0,-104372,-2,0,0,0,0,0,0,0,0,0,0,0,0,0,7,193,2000,0,263,771,8225,16505
11946,100967095,1540,-947934092,-14465,136816051,2087,-74081917,-1131,81622196,1245,-242554809,-3702,253,0,49629,55104,0,-536972,-9,75051,1,-31058,-1,30774,0,-96922,-2,0,0,0,0,0,0,0,0,0,0,0,0,0,7,193,2000,0,263,771,8225,16505
12014,345682699,5274,-303600748,-4633,300583264,4586,-221602377,-3382,36706738,560,-252187726,-3849,253,0,49765,195619,2,-171144,-3,171599,2,-89105,-2,13934,0,-102031,-2,0,0,0,0,0,0,0,0,0,0,0,0,0,7,193,2000,0,263,771,8225,16505
12084,111219982,1697,-262058188,-3999,225358570,3438,-226418890,-3455,40693757,620,-235562748,-3595,253,0,49905,63215,0,-148360,-3,127367,1,-91147,-2,16184,0,-94509,-2,0,0,0,0,0,0,0,0,0,0,0,0,0,7,193,2000,0,263,771,8225,16505
12158,-214223648,-3269,-298313426,-4552,695634062,10614,-284996147,-4349,82878435,1264,-211062125,-3221,253,0,50051,-120643,-2,-169705,-3,396322,6,-113073,-2,36778,0,-84236,-2,0,0,0,0,0,0,0,0,0,0,0,0,0,7,193,2000,0,263,771,8225,16505
12228,47187104,720,-39293123,-600,320820186,4895,-261926730,-3997,91004866,1388,-219329393,-3347,253,0,50190,26712,0,-22015,-1,186921,2,-106027,-2,38551,0,-88418,-2,0,0,0,0,0,0,0,0,0,0,0,0,0,7,193,2000,0,263,771,8225,16505
12298,-92226127,-1408,49054786,748,504336626,7695,-135587138,-2069,144093138,2198,-154300060,-2355,254,0,50332,-52429,-1,26519,0,286704,4,-54396,-1,58219,0,-62009,-1,0,0,0,0,0,0,0,0,0,0,0,0,0,7,193,2000,0,263,771,8225,16505
12302,-86680927,-1323,32826367,500,498451836,7605,-140765130,-2148,142606790,2176,-151254478,-2308,254,0,50340,-49065,-1,17983,0,283415,4,-56798,-1,58436,0,-60791,-1,0,0,0,0,0,0,0,0,0,0,0,0,0,7,193,2000,0,263,771,8225,16505
12372,-114865009,-1753,-85608344,-1307,588726273,8983,-150116670,-2291,86502632,1319,-192594078,-2939,253,0,50478,-66084,-2,-38884,-1,335249,5,-59940,-1,34978,0,-78055,-2,0,0,0,0,0,0,0,0,0,0,0,0,0,7,193,2000,0,263,771,8225,16505
12442,-171563403,-2618,165586308,2526,650063074,9919,33720266,514,219519934,3349,-11538160,-144,253,0,50619,-96168,-2,94312,1,369177,5,14032,0,87176,1,-3277,-1,0,0,0,0,0,0,0,0,0,0,0,0,0,7,193,2000,0,263,771,8225,16505
12512,-339220958,-5177,20867565,318,592905780,9047,-134922,-3,184000053,2807,-101302340,-1546,252,0,50757,-193953,-3,12209,0,337139,5,-281,-1,73909,1,-38308,-1,0,0,0,0,0,0,0,0,0,0,0,0,0,7,193,2000,0,263,771,8225,16505
12582,-135906214,-2074,100818477,1538,576590545,8798,153061588,2335,220313700,3372,17647814,269,255,0,50898,-77521,-2,56873,0,262179,4,60817,0,88978,1,7446,0,0,0,0,0,0,0,0,0,0,0,0,0,0,7,193,2000,0,263,771,8225,16505
12655,4496090,68,184071486,2808,606682977,9257,176476966,2692,115368355,1760,-27701153,-423,254,0,51043,2092,0,104471,1,345511,5,72554,1,45796,0,-11124,-1,0,0,0,0,0,0,0,0,0,0,0,0,0,7,193,2000,0,263,771,8225,16505
12733,177914001,2714,311302844,4750,451059226,6882,188524549,2876,91164231,1333,25297044,386,252,0,51198,101439,1,177067,2,257264,3,74406,1,36146,0,9527,0,0,0,0,0,0,0,0,0,0,0,0,0,0,7,193,2000,0,263,771,8225,16505
12743,133683689,2039,381279189,5817,453620749,6921,182863197,2790,99572870,1519,19848681,302,254,0,51220,75666,1,221676,3,257565,3,73623,1,39312,0,9938,0,0,0,0,0,0,0,0,0,0,0,0,0,0,7,193,2000,0,263,771,8225,16505
12818,65381624,997,685909822,10466,298760762,4558,249120381,3801,59898391,913,189067089,2884,253,0,51370,39781,0,391914,5,169137,2,101491,1,24881,0,75002,1,0,0,0,0,0,0,0,0,0,0,0,0,0,7,193,2000,0,263,771,8225,16505
12894,-335727629,-5123,706245623,10776,566792345,8648,150072411,2289,-28437568,-460,171612478,2618,253,0,51520,-191959,-3,399294,6,322846,4,65221,0,-11765,-1,70185,1,0,0,0,0,0,0,0,0,0,0,0,0,0,7,193,2000,0,263,771,8225,16505
12970,59882461,913,562063487,8576,314379787,4797,107000698,1632,-56564031,-864,193185059,2947,253,0,51673,34052,0,318172,4,180512,2,42576,0,-23208,-1,77765,1,0,0,0,0,0,0,0,0,0,0,0,0,0,7,193,2000,0,263,771,8225,16505
13045,109857331,1676,87040809,1328,292196644,4458,91516797,1396,-56616055,-864,250235492,3818,255,0,51823,65423,0,49632,0,166130,2,36797,0,-22262,-1,100168,1,0,0,0,0,0,0,0,0,0,0,0,0,0,7,193,2000,0,263,771,8225,16505
13123,44164292,673,207862420,3171,159612021,2435,77499609,1182,-77181755,-1178,239680802,3657,253,0,51977,25136,0,116913,1,90981,1,31280,0,-30343,-1,96863,1,0,0,0,0,0,0,0,0,0,0,0,0,0,7,193,2000,0,263,771,8225,16505
13134,46424565,708,155689949,2375,154687409,2360,87110171,1329,-74544213,-1138,262021279,3998,255,0,51999,26374,0,88493,1,87731,1,34935,0,-30398,-1,105560,1,0,0,0,0,0,0,0,0,0,0,0,0,0,7,193,2000,0,263,771,8225,16505
13215,160726876,2452,264141344,4030,166624505,2536,33989040,518,-58060522,-886,219621003,3351,252,0,52160,90867,1,142465,2,94245,1,13620,0,-22957,-1,88229,1,0,0,0,0,0,0,0,0,0,0,0,0,0,7,193,2000,0,263,771,8225,16505
13291,56010330,854,151597099,2313,124662147,1902,10619971,162,-39282245,-600,263763449,4024,252,0,52312,32197,0,88963,1,70839,1,4149,0,-15936,-1,105734,1,0,0,0,0,0,0,0,0,0,0,0,0,0,7,193,2000,0,263,771,8225,16505
13366,54015247,824,138178068,2108,123711358,1887,-18958944,-290,-22555521,-345,240297119,3659,253,0,52463,30413,0,78036,1,70595,1,-7695,-1,-10220,-1,96522,1,0,0,0,0,0,0,0,0,0,0,0,0,0,7,193,2000,0,263,771,8225,16505
13374,47772042,728,97056622,1480,128705666,1972,-23953480,-366,-19778062,-302,236643180,3610,253,0,52479,27292,0,52383,0,73596,1,-9655,-1,-7934,-1,95050,1,0,0,0,0,0,0,0,0,0,0,0,0,0,7,193,2000,0,263,771,8225,16505
13450,104579889,1595,81030404,1236,106055992,1618,-31288934,-478,-8515774,-130,267877923,4087,253,0,52629,59198,0,45555,0,59681,0,-12413,-1,-4065,-1,107895,1,0,0,0,0,0,0,0,0,0,0,0,0,0,7,193,2000,0,263,771,8225,16505
13524,147381537,2248,17664355,269,61112587,932,-53159888,-812,1305145,19,254008693,3875,254,0,52778,83842,1,10988,0,34911,0,-20898,-1,1273,0,102052,1,0,0,0,0,0,0,0,0,0,0,0,0,0,7,193,2000,0,263,771,8225,16505
13598,204925219,3126,-5937148,-91,-3131559,-48,-22939534,-351,58844743,897,302184713,4610,254,0,52926,117121,1,-2902,-1,-2172,-1,-9522,-1,23507,0,121306,1,0,0,0,0,0,0,0,0,0,0,0,0,0,7,193,2000,0,263,771,8225,16505
13673,161622851,2466,-175671028,-2681,-165456388,-2525,-18364910,-273,61083471,932,274282077,4185,254,0,53074,92263,1,-99576,-2,-94349,-2,-7245,-1,24786,0,110044,1,0,0,0,0,0,0,0,0,0,0,0,0,0,7,193,2000,0,263,771,8225,16505
13748,131725691,2009,190106494,2900,-242052167,-3694,16343911,249,46315313,706,253983343,3875,256,0,53225,74008,1,107670,1,-137776,-3,6821,0,18081,0,102414,1,0,0,0,0,0,0,0,0,0,0,0,0,0,7,193,2000,0,263,771,8225,16505
13757,90648128,1383,162837411,2484,-258270616,-3941,16490974,251,44429111,677,273855598,4178,254,0,53242,51647,0,91273,1,-147236,-3,6293,0,18406,0,109842,1,0,0,0,0,0,0,0,0,0,0,0,0,0,7,193,2000,0,263,771,8225,16505
13832,40425277,616,-56385536,-861,-165998538,-2533,-30896453,-472,98264476,1499,285301845,4353,252,0,53392,23711,0,-32749,-1,-94553,-2,-12162,-1,39304,0,114722,1,0,0,0,0,0,0,0,0,0,0,0,0,0,7,193,2000,0,263,771,8225,16505
13906,-525558,-9,-515790867,-7871,-548187654,-8365,-37374499,-571,100072834,1526,320250870,4886,254,0,53541,1122,0,-288222,-5,-312004,-5,-15471,-1,38481,0,130128,1,0,0,0,0,0,0,0,0,0,0,0,0,0,7,193,2000,0,263,771,8225,16505
13982,23521116,358,-166328935,-2538,-382823161,-5842,6516626,99,76508359,1167,220649910,3366,252,0,53691,12490,0,-95955,-2,-220087,-4,2695,0,30425,0,88686,1,0,0,0,0,0,0,0,0,0,0,0,0,0,7,193,2000,0,263,771,8225,16505
14057,-69400882,-1059,-164563912,-2512,-202706331,-3094,-43695032,-661,82473769,1258,233718144,3566,253,0,53840,-40226,-1,-94520,-2,-114378,-2,-15942,-1,33402,0,94423,1,0,0,0,0,0,0,0,0,0,0,0,0,0,7,193,2000,0,263,771,8225,16505
14134,-169001208,-2635,-2301133,-36,-56030143,-855,-647366,-10,55585564,848,210198837,3207,254,0,53995,-99382,-2,-2020,-1,-31889,-1,-262,-1,22421,0,84710,1,0,0,0,0,0,0,0,0,0,0,0,0,0,7,193,2000,0,263,771,8225,16505
14145,-224820668,-3431,-51479846,-786,-51047353,-779,-1273931,-20,51862793,791,238112334,3633,253,0,54016,-128922,-2,-29709,-1,-28961,-1,-605,-1,20722,0,96505,1,0,0,0,0,0,0,0,0,0,0,0,0,0,7,193,2000,0,263,771,8225,16505
14223,-139798771,-2134,-24425607,-373,10372019,158,10094636,154,55846022,852,295503418,4509,253,0,54172,-78974,-2,-12587,-1,6625,0,4998,0,22991,0,118861,1,0,0,0,0,0,0,0,0,0,0,0,0,0,7,193,2000,0,263,771,8225,16505
14302,-126722601,-1934,21183347,323,-63276889,-966,9106150,138,31894702,486,279025743,4257,254,0,54330,-71589,-2,11915,0,-36213,-1,3405,0,12411,0,111660,1,0,0,0,0,0,0,0,0,0,0,0,0,0,7,193,2000,0,263,771,8225,16505
14377,-121923944,-1861,-31565479,-482,-33186922,-507,-10766858,-177,10336256,157,270019094,4120,254,0,54479,-69102,-2,-17916,-1,-17627,-1,-4806,-1,4076,0,108444,1,0,0,0,0,0,0,0,0,0,0,0,0,0,7,193,2000,0,263,771,8225,16505
14454,-268450320,-4097,-22415209,-343,41556787,634,-4145231,-64,-22963787,-351,243114742,3709,253,0,54633,-153131,-3,-13576,-1,23587,0,-1632,-1,-9315,-1,97653,1,0,0,0,0,0,0,0,0,0,0,0,0,0,7,193,2000,0,263,771,8225,16505
14463,-345379747,-5271,-90736089,-1385,22687659,346,8425941,128,-25614539,-391,215657454,3290,254,0,54651,-195366,-3,-54744,-1,12806,0,2938,0,-9514,-1,87902,1,0,0,0,0,0,0,0,0,0,0,0,0,0,7,193,2000,0,263,771,8225,16505
14540,-2227455,-34,11504368,175,85114445,1298,18438832,281,-62924691,-961,248960861,3798,253,0,54805,-2201,-1,6927,0,48717,0,8081,0,-25149,-1,99711,1,0,0,0,0,0,0,0,0,0,0,0,0,0,7,193,2000,0,263,771,8225,16505
14617,11582753,176,-944990,-15,46007717,702,-16851731,-258,-56593636,-864,277904267,4240,252,0,54958,6904,0,79,0,26576,0,-6669,-1,-22398,-1,111656,1,0,0,0,0,0,0,0,0,0,0,0,0,0,7,193,2000,0,263,771,8225,16505
14694,21610631,329,10373125,158,-13908392,-213,15024160,229,-79953682,-1220,230919150,3523,254,0,55112,11959,0,5592,0,-8370,-1,6249,0,-32064,-1,92726,1,0,0,0,0,0,0,0,0,0,0,0,0,0,7,193,2000,0,263,771,8225,16505
14770,-115845031,-1768,7099983,108,-73466332,-1122,-13080978,-200,-88805933,-1356,268454447,4096,253,0,55265,-65367,-1,4680,0,-40736,-1,-5223,-1,-32145,-1,107794,1,0,0,0,0,0,0,0,0,0,0,0,0,0,7,193,2000,0,263,771,8225,16505
14779,-98217851,-1499,28913384,441,-61227420,-935,-856520,-14,-78391888,-1197,268166477,4091,254,0,55281,-55989,-1,16393,0,-33728,-1,-404,-1,-30802,-1,107569,1,0,0,0,0,0,0,0,0,0,0,0,0,0,7,193,2000,0,263,771,8225,16505
14857,17501866,267,24121185,368,-3402572,-52,-6051995,-93,-81392350,-1235,255282976,3895,253,0,55438,9694,0,14049,0,-1743,-1,-1439,-1,-31903,-1,100431,1,0,0,0,0,0,0,0,0,0,0,0,0,0,7,193,2000,0,263,771,8225,16505
14934,115783350,1766,13625468,207,-31043845,-474,-37739299,-576,-48446228,-740,261449188,3989,253,0,55592,66448,1,6550,0,-16963,-1,-13671,-1,-19702,-1,102524,1,0,0,0,0,0,0,0,0,0,0,0,0,0,7,193,2000,0,263,771,8225,16505
15011,193892272,2958,13463683,205,-58652087,-895,-13947872,-213,-21998281,-336,259198034,3955,253,0,55743,110418,1,7468,0,-32923,-1,-5831,-1,-9264,-1,103994,1,0,0,0,0,0,0,0,0,0,0,0,0,0,7,193,2000,0,263,771,8225,16505
15090,145561288,2221,-66067284,-1009,23670375,361,-4803725,-74,8803557,134,291214583,4443,253,0,55902,82827,1,-39436,-1,14265,0,-1715,-1,3401,0,116805,1,0,0,0,0,0,0,0,0,0,0,0,0,0,7,193,2000,0,263,771,8225,16505
15098,155497383,2372,-144383430,-2204,32615663,497,-4059602,-62,33830175,516,263374988,4018,254,0,55918,88629,1,-82179,-2,18670,0,-1367,-1,15993,0,105912,1,0,0,0,0,0,0,0,0,0,0,0,0,0,7,193,2000,0,263,771,8225,16505
15175,546555,8,1726730,26,83507417,1274,-4312324,-66,-1260570,-20,260482061,3974,254,0,56072,311,0,1024,0,47874,0,-2763,-1,-2163,-1,105151,1,0,0,0,0,0,0,0,0,0,0,0,0,0,7,193,2000,0,263,771,8225,16505
15253,-3686955,-57,4278189,65,24419628,372,-2394733,-37,2856136,43,263220088,4016,256,0,56227,-2042,-1,2162,0,13544,0,-1335,-1,799,0,105784,1,0,0,0,0,0,0,0,0,0,0,0,0,0,7,193,2000,0,263,771,8225,16505
15336,1634730,24,774815,11,-14145366,-216,928071,14,-2528097,-39,261085159,3983,253,0,56392,1004,0,192,0,-8009,-1,337,0,-1088,-1,104953,1,0,0,0,0,0,0,0,0,0,0,0,0,0,7,193,2000,0,263,771,8225,16505
15346,12385198,188,-1380337,-22,-7306859,-112,-84119,-2,-822271,-13,262409981,4004,253,0,56413,7102,0,-825,-1,-4332,-1,-85,-1,-314,-1,105472,1,0,0,0,0,0,0,0,0,0,0,0,0,0,7,193,2000,0,263,771,8225,16505
15424,-543914,-9,1049708,16,4493373,68,544009,8,-288592,-5,262574472,4006,253,0,56568,-198,-1,558,0,2556,0,145,0,-78,-1,105504,1,0,0,0,0,0,0,0,0,0,0,0,0,0,7,193,2000,0,263,771,8225,16505
15500,-606684,-10,2744496,41,4216319,64,1005518,15,-209843,-4,263002593,4013,253,0,56720,-308,-1,1580,0,2359,0,385,0,-133,-1,105642,1,0,0,0,0,0,0,0,0,0,0,0,0,0,7,193,2000,0,263,771,8225,16505
15576,-268664,-5,1158528,17,-884108,-14,-82623,-2,172016,2,263190452,4015,254,0,56872,-192,-1,826,0,-540,-1,-63,-1,111,0,105737,1,0,0,0,0,0,0,0,0,0,0,0,0,0,7,193,2000,0,263,771,8225,16505
15652,-329704,-4,965515,14,-742394,-12,-6580,-1,152263,2,262943416,4012,256,0,57024,-169,-1,547,0,-635,-1,28,0,39,0,105612,1,0,0,0,0,0,0,0,0,0,0,0,0,0,7,193,2000,0,263,771,8225,16505
15661,-467667,-8,745748,11,-1217387,-19,243951,3,159144,2,263070320,4014,254,0,57041,-192,-1,425,0,-597,-1,94,0,38,0,105610,1,0,0,0,0,0,0,0,0,0,0,0,0,0,7,193,2000,0,263,771,8225,16505
15735,-148433,-3,1003390,15,-1084076,-17,53883,0,90495,1,262824474,4010,253,0,57190,-122,-1,590,0,-598,-1,33,0,6,0,105554,1,0,0,0,0,0,0,0,0,0,0,0,0,0,7,193,2000,0,263,771,8225,16505
15812,-476304,-7,1136770,17,-1219637,-19,-165482,-3,203576,3,262479828,4005,253,0,57344,-160,-1,704,0,-695,-1,-62,-1,29,0,105453,1,0,0,0,0,0,0,0,0,0,0,0,0,0,7,193,2000,0,263,771,8225,16505
15887,449545,6,621642,9,-64087,-1,-42987,-1,291532,4,262778837,4009,253,0,57493,218,0,392,0,-18,0,61,0,1,0,105606,1,0,0,0,0,0,0,0,0,0,0,0,0,0,7,193,2000,0,263,771,8225,16505
15962,-133557,-3,838651,12,-61681,-1,-157614,-3,-242152,-4,262850007,4010,254,0,57642,-57,-1,436,0,-152,-1,-51,-1,-16,0,105593,1,0,0,0,0,0,0,0,0,0,0,0,0,0,7,193,2000,0,263,771,8225,16505
15972,191603,-7,827216,12,-333533,-6,-95110,-2,404794,6,264133578,4030,253,0,57662,-228,-1,529,0,-55,-1,154,0,77,0,105415,1,0,0,0,0,0,0,0,0,0,0,0,0,0,7,193,2000,0,263,771,8225,16505
16047,-468334,-8,885100,13,-673849,-11,-321121,-5,173243,-2,263093625,4014,253,0,57811,-193,-1,542,0,-307,-1,-51,-1,-22,-1,105632,1,0,0,0,0,0,0,0,0,0,0,0,0,0,7,193,2000,0,263,771,8225,16505
16122,-279063,-5,738901,11,-401503,-7,433121,6,167252,2,262923182,4011,253,0,57960,-196,-1,383,0,-74,-1,164,0,46,0,105624,1,0,0,0,0,0,0,0,0,0,0,0,0,0,7,193,2000,0,263,771,8225,16505
16197,-472750,-8,1080445,16,-674858,-11,81171,1,136763,2,262873941,4011,253,0,58111,-232,-1,537,0,-404,-1,76,0,143,0,105608,1,0,0,0,0,0,0,0,0,0,0,0,0,0,7,193,2000,0,263,771,8225,16505
16271,-13550,-1,676313,10,-743040,-12,-549774,-9,-170650,-3,262637327,4007,252,0,58260,-64,-1,366,0,-288,-1,-221,-1,21,0,105582,1,0,0,0,0,0,0,0,0,0,0,0,0,0,7,193,2000,0,263,771,8225,16505
16350,-464223,-8,758237,11,-537073,-9,-99856,-2,-2128,-1,262934997,4012,253,0,58415,-265,-1,507,0,-481,-1,-29,-1,-47,-1,105647,1,0,0,0,0,0,0,0,0,0,0,0,0,0,7,193,2000,0,263,771,8225,16505
16359,-469029,-8,1155150,17,-606792,-10,-330194,-6,-193865,-3,263160965,4015,254,0,58434,-230,-1,658,0,-249,-1,-141,-1,-115,-1,105687,1,0,0,0,0,0,0,0,0,0,0,0,0,0,7,193,2000,0,263,771,8225,16505
16435,-668414,-11,738719,11,-561643,-9,920481,14,-33510,-1,262769550,4009,253,0,58586,-325,-1,557,0,-365,-1,384,0,33,0,105560,1,0,0,0,0,0,0,0,0,0,0,0,0,0,7,193,2000,0,263,771,8225,16505
16511,-469406,-8,1222403,18,-607028,-10,78191,2,266146,4,262856414,4010,256,0,58737,-192,-1,736,0,-192,-1,11,0,117,0,105546,1,0,0,0,0,0,0,0,0,0,0,0,0,0,7,193,2000,0,263,771,8225,16505
16587,-406312,-7,750713,11,142106,2,-1048136,-16,-134967,-3,263342216,4013,253,0,58889,-213,-1,445,0,42,0,-380,-1,-94,-1,105614,1,0,0,0,0,0,0,0,0,0,0,0,0,0,7,193,2000,0,263,771,8225,16505
16661,-144671,-3,879729,13,-539289,-5,496761,7,74188,1,262687821,4008,252,0,59036,-176,-1,577,0,-249,-1,226,0,45,0,105555,1,0,0,0,0,0,0,0,0,0,0,0,0,0,7,193,2000,0,263,771,8225,16505
16669,-665024,-11,884849,13,-673165,-11,130683,1,-47857,-1,263053747,4013,254,0,59053,-360,-1,503,0,-384,-1,11,0,-21,-1,105630,1,0,0,0,0,0,0,0,0,0,0,0,0,0,7,193,2000,0,263,771,8225,16505
16748,-347438,-6,327847,5,-469326,-10,1128724,17,236845,3,263299539,4017,251,0,59209,-179,-1,301,0,-326,-1,471,0,157,0,105723,1,0,0,0,0,0,0,0,0,0,0,0,0,0,7,193,2000,0,263,771,8225,16505
16823,-135972,-3,557104,8,-469504,-8,-624626,-10,138879,2,262698572,4008,253,0,59360,-59,-1,355,0,-210,-1,-252,-1,69,0,105483,1,0,0,0,0,0,0,0,0,0,0,0,0,0,7,193,2000,0,263,771,8225,16505
16902,62775,0,1158625,17,-1832033,-28,-3797377,-58,4455452,67,263118008,4014,255,0,59517,36,0,685,0,-888,-1,-1478,-1,1792,0,105679,1,0,0,0,0,0,0,0,0,0,0,0,0,0,7,193,2000,0,263,771,8225,16505
16981,-603904,-10,1082566,16,-402397,-7,396264,6,-192112,-3,263413575,4019,253,0,59675,-401,-1,594,0,-249,-1,138,0,-43,-1,105752,1,0,0,0,0,0,0,0,0,0,0,0,0,0,7,193,2000,0,263,771,8225,16505
16989,-607537,-10,872884,13,-538229,-9,12855,0,-145959,-3,263148875,4015,253,0,59692,-253,-1,516,0,-249,-1,14,0,-69,-1,105667,1,0,0,0,0,0,0,0,0,0,0,0,0,0,7,193,2000,0,263,771,8225,16505
17068,-607895,-10,1075233,16,-470707,-8,1067966,16,478928,7,263108150,4014,253,0,59849,-366,-1,649,0,-133,-1,445,0,162,0,105673,1,0,0,0,0,0,0,0,0,0,0,0,0,0,7,193,2000,0,263,771,8225,16505
17149,-205916,-4,620318,9,-129809,-2,253688,3,537548,8,262734786,4009,253,0,60010,-136,-1,409,0,-229,-1,91,0,250,0,105536,1,0,0,0,0,0,0,0,0,0,0,0,0,0,7,193,2000,0,263,771,8225,16505
17227,-726584,-12,829434,12,-60389,-1,-879757,-14,-101135,-2,262852857,4010,253,0,60165,-339,-1,587,0,-36,-1,-348,-1,-7,-1,105527,1,0,0,0,0,0,0,0,0,0,0,0,0,0,7,193,2000,0,263,771,8225,16505
17236,-326151,-5,971462,12,-944706,-15,-140120,-3,308785,4,262618659,4007,255,0,60182,-223,-1,494,0,-480,-1,-67,-1,81,0,105590,1,0,0,0,0,0,0,0,0,0,0,0,0,0,7,193,2000,0,263,771,8225,16505
17316,48562,0,809616,12,-132039,-3,-525109,-9,-93613,-2,262721356,4008,252,0,60343,46,0,480,0,-37,-1,-241,-1,-83,-1,105616,1,0,0,0,0,0,0,0,0,0,0,0,0,0,7,193,2000,0,263,771,8225,16505
17393,-72550,-2,1229960,18,-540092,-9,640108,9,161225,1,263195641,4016,253,0,60498,-60,-1,585,0,-269,-1,291,0,49,0,105656,1,0,0,0,0,0,0,0,0,0,0,0,0,0,7,193,2000,0,263,771,8225,16505
17472,-338067,-6,956847,14,-130532,-2,953256,14,762956,11,262646695,4007,254,0,60655,-230,-1,467,0,-113,-1,474,0,292,0,105398,1,0,0,0,0,0,0,0,0,0,0,0,0,0,7,193,2000,0,263,771,8225,16505
17549,-534020,-9,953645,15,-335454,-6,-485063,-8,-117745,-2,262589631,4006,252,0,60809,-193,-1,562,0,-288,-1,-185,-1,-50,0,105566,1,0,0,0,0,0,0,0,0,0,0,0,0,0,7,193,2000,0,263,771,8225,16505
17559,-133110,-3,770499,11,74101,1,-146726,-3,223147,3,260500153,3974,254,0,60828,-95,-1,474,0,-171,-1,-34,-1,44,0,104674,1,0,0,0,0,0,0,0,0,0,0,0,0,0,7,193,2000,0,263,771,8225,16505
17635,-348346,-6,802020,12,-198975,-4,-1207300,-19,-271515,-5,262968565,4012,252,0,60979,-199,-1,573,0,-75,-1,-458,-1,-41,-1,105598,1,0,0,0,0,0,0,0,0,0,0,0,0,0,7,193,2000,0,263,771,8225,16505
17713,-596257,-4,831891,12,209792,3,1377403,21,-105536,-2,263069653,4014,254,0,61136,-60,-1,433,0,-36,-1,465,0,20,0,105608,1,0,0,0,0,0,0,0,0,0,0,0,0,0,7,193,2000,0,263,771,8225,16505
